subject,video_path,file_CSV,x1,y1,x2,y2
2ea4,2ea4\2ea4_Baseline.mp4,Physiological\2ea4\2ea4_Baseline.txt,513,371,773,631
2ea4,2ea4\2ea4_Breathing.mp4,Physiological\2ea4\2ea4_Breathing.txt,520,373,781,634
2ea4,2ea4\2ea4_Counting1.mp4,Physiological\2ea4\2ea4_Counting1.txt,526,377,788,639
2ea4,2ea4\2ea4_Counting2.mp4,Physiological\2ea4\2ea4_Counting2.txt,519,369,781,631
2ea4,2ea4\2ea4_Counting3.mp4,Physiological\2ea4\2ea4_Counting3.txt,510,377,766,633
2ea4,2ea4\2ea4_Math.mp4,Physiological\2ea4\2ea4_Math.txt,525,366,787,628
2ea4,2ea4\2ea4_Reading.mp4,Physiological\2ea4\2ea4_Reading.txt,529,364,786,621
2ea4,2ea4\2ea4_Relax.mp4,Physiological\2ea4\2ea4_Relax.txt,535,373,786,624
2ea4,2ea4\2ea4_Speaking.mp4,Physiological\2ea4\2ea4_Speaking.txt,533,369,794,630
2ea4,2ea4\2ea4_Stroop.mp4,Physiological\2ea4\2ea4_Stroop.txt,528,373,787,632
2ea4,2ea4\2ea4_Video1.mp4,Physiological\2ea4\2ea4_Video1.txt,515,365,785,635
2ea4,2ea4\2ea4_Video2.mp4,Physiological\2ea4\2ea4_Video2.txt,514,370,785,641
2hpu,2hpu\2hpu_Baseline.mp4,Physiological\2hpu\2hpu_Baseline.txt,507,170,747,410
2hpu,2hpu\2hpu_Breathing.mp4,Physiological\2hpu\2hpu_Breathing.txt,499,156,745,402
2hpu,2hpu\2hpu_Counting1.mp4,Physiological\2hpu\2hpu_Counting1.txt,490,162,754,426
2hpu,2hpu\2hpu_Counting2.mp4,Physiological\2hpu\2hpu_Counting2.txt,501,159,754,412
2hpu,2hpu\2hpu_Counting3.mp4,Physiological\2hpu\2hpu_Counting3.txt,489,160,752,423
2hpu,2hpu\2hpu_Math.mp4,Physiological\2hpu\2hpu_Math.txt,488,163,745,420
2hpu,2hpu\2hpu_Reading.mp4,Physiological\2hpu\2hpu_Reading.txt,481,178,735,432
2hpu,2hpu\2hpu_Relax.mp4,Physiological\2hpu\2hpu_Relax.txt,460,179,723,442
2hpu,2hpu\2hpu_Speaking.mp4,Physiological\2hpu\2hpu_Speaking.txt,485,169,736,420
2hpu,2hpu\2hpu_Stroop.mp4,Physiological\2hpu\2hpu_Stroop.txt,401,151,624,374
2hpu,2hpu\2hpu_Video1.mp4,Physiological\2hpu\2hpu_Video1.txt,499,157,746,404
2hpu,2hpu\2hpu_Video2.mp4,Physiological\2hpu\2hpu_Video2.txt,491,174,740,423
2z7d,2z7d\2z7d_Baseline.mp4,Physiological\2z7d\2z7d_Baseline.txt,332,251,677,596
2z7d,2z7d\2z7d_Breathing.mp4,Physiological\2z7d\2z7d_Breathing.txt,324,267,670,613
2z7d,2z7d\2z7d_Counting1.mp4,Physiological\2z7d\2z7d_Counting1.txt,313,306,651,644
2z7d,2z7d\2z7d_Counting2.mp4,Physiological\2z7d\2z7d_Counting2.txt,296,277,640,621
2z7d,2z7d\2z7d_Counting3.mp4,Physiological\2z7d\2z7d_Counting3.txt,238,348,581,691
2z7d,2z7d\2z7d_Math.mp4,Physiological\2z7d\2z7d_Math.txt,291,363,629,701
2z7d,2z7d\2z7d_Reading.mp4,Physiological\2z7d\2z7d_Reading.txt,270,329,609,668
2z7d,2z7d\2z7d_Relax.mp4,Physiological\2z7d\2z7d_Relax.txt,269,325,606,662
2z7d,2z7d\2z7d_Speaking.mp4,Physiological\2z7d\2z7d_Speaking.txt,298,307,644,653
2z7d,2z7d\2z7d_Stroop.mp4,Physiological\2z7d\2z7d_Stroop.txt,275,336,606,667
2z7d,2z7d\2z7d_Video1.mp4,Physiological\2z7d\2z7d_Video1.txt,318,265,655,602
2z7d,2z7d\2z7d_Video2.mp4,Physiological\2z7d\2z7d_Video2.txt,342,253,655,566
45lx,45lx\45lx_Baseline.mp4,Physiological\45lx\45lx_Baseline.txt,539,110,771,342
45lx,45lx\45lx_Breathing.mp4,Physiological\45lx\45lx_Breathing.txt,543,106,768,331
45lx,45lx\45lx_Counting1.mp4,Physiological\45lx\45lx_Counting1.txt,534,120,755,341
45lx,45lx\45lx_Counting2.mp4,Physiological\45lx\45lx_Counting2.txt,580,124,801,345
45lx,45lx\45lx_Counting3.mp4,Physiological\45lx\45lx_Counting3.txt,516,159,735,378
45lx,45lx\45lx_Math.mp4,Physiological\45lx\45lx_Math.txt,550,130,767,347
45lx,45lx\45lx_Reading.mp4,Physiological\45lx\45lx_Reading.txt,439,151,685,397
45lx,45lx\45lx_Relax.mp4,Physiological\45lx\45lx_Relax.txt,519,154,755,390
45lx,45lx\45lx_Speaking.mp4,Physiological\45lx\45lx_Speaking.txt,565,134,792,361
45lx,45lx\45lx_Stroop.mp4,Physiological\45lx\45lx_Stroop.txt,558,148,793,383
45lx,45lx\45lx_Video1.mp4,Physiological\45lx\45lx_Video1.txt,518,115,741,338
45lx,45lx\45lx_Video2.mp4,Physiological\45lx\45lx_Video2.txt,522,126,755,359
4e8r,4e8r\4e8r_Baseline.mp4,Physiological\4e8r\4e8r_Baseline.txt,541,49,888,396
4e8r,4e8r\4e8r_Breathing.mp4,Physiological\4e8r\4e8r_Breathing.txt,527,54,838,365
4e8r,4e8r\4e8r_Counting1.mp4,Physiological\4e8r\4e8r_Counting1.txt,540,73,873,406
4e8r,4e8r\4e8r_Counting2.mp4,Physiological\4e8r\4e8r_Counting2.txt,534,54,874,394
4e8r,4e8r\4e8r_Counting3.mp4,Physiological\4e8r\4e8r_Counting3.txt,493,17,814,338
4e8r,4e8r\4e8r_Math.mp4,Physiological\4e8r\4e8r_Math.txt,519,36,877,394
4e8r,4e8r\4e8r_Reading.mp4,Physiological\4e8r\4e8r_Reading.txt,510,34,837,361
4e8r,4e8r\4e8r_Relax.mp4,Physiological\4e8r\4e8r_Relax.txt,540,22,858,340
4e8r,4e8r\4e8r_Speaking.mp4,Physiological\4e8r\4e8r_Speaking.txt,540,28,883,371
4e8r,4e8r\4e8r_Stroop.mp4,Physiological\4e8r\4e8r_Stroop.txt,518,34,866,382
4e8r,4e8r\4e8r_Video1.mp4,Physiological\4e8r\4e8r_Video1.txt,538,36,877,375
4e8r,4e8r\4e8r_Video2.mp4,Physiological\4e8r\4e8r_Video2.txt,528,59,906,437
4woj,4woj\4woj_Baseline.mp4,Physiological\4woj\4woj_Baseline.txt,504,221,744,461
4woj,4woj\4woj_Breathing.mp4,Physiological\4woj\4woj_Breathing.txt,504,194,734,424
4woj,4woj\4woj_Counting1.mp4,Physiological\4woj\4woj_Counting1.txt,484,220,727,463
4woj,4woj\4woj_Counting2.mp4,Physiological\4woj\4woj_Counting2.txt,496,211,734,449
4woj,4woj\4woj_Counting3.mp4,Physiological\4woj\4woj_Counting3.txt,492,217,729,454
4woj,4woj\4woj_Math.mp4,Physiological\4woj\4woj_Math.txt,498,213,739,454
4woj,4woj\4woj_Reading.mp4,Physiological\4woj\4woj_Reading.txt,489,228,732,471
4woj,4woj\4woj_Relax.mp4,Physiological\4woj\4woj_Relax.txt,500,219,747,466
4woj,4woj\4woj_Speaking.mp4,Physiological\4woj\4woj_Speaking.txt,504,224,740,460
4woj,4woj\4woj_Stroop.mp4,Physiological\4woj\4woj_Stroop.txt,380,200,626,446
4woj,4woj\4woj_Video1.mp4,Physiological\4woj\4woj_Video1.txt,501,208,752,459
4woj,4woj\4woj_Video2.mp4,Physiological\4woj\4woj_Video2.txt,496,221,748,473
5f7t,5f7t\5f7t_Baseline.mp4,Physiological\5f7t\5f7t_Baseline.txt,568,72,797,301
5f7t,5f7t\5f7t_Breathing.mp4,Physiological\5f7t\5f7t_Breathing.txt,549,47,775,273
5f7t,5f7t\5f7t_Counting1.mp4,Physiological\5f7t\5f7t_Counting1.txt,535,63,770,298
5f7t,5f7t\5f7t_Counting2.mp4,Physiological\5f7t\5f7t_Counting2.txt,553,70,777,294
5f7t,5f7t\5f7t_Counting3.mp4,Physiological\5f7t\5f7t_Counting3.txt,524,82,770,328
5f7t,5f7t\5f7t_Math.mp4,Physiological\5f7t\5f7t_Math.txt,541,64,763,286
5f7t,5f7t\5f7t_Reading.mp4,Physiological\5f7t\5f7t_Reading.txt,533,77,755,299
5f7t,5f7t\5f7t_Relax.mp4,Physiological\5f7t\5f7t_Relax.txt,524,65,752,293
5f7t,5f7t\5f7t_Speaking.mp4,Physiological\5f7t\5f7t_Speaking.txt,548,43,764,259
5f7t,5f7t\5f7t_Stroop.mp4,Physiological\5f7t\5f7t_Stroop.txt,538,83,762,307
5f7t,5f7t\5f7t_Video1.mp4,Physiological\5f7t\5f7t_Video1.txt,557,60,783,286
5f7t,5f7t\5f7t_Video2.mp4,Physiological\5f7t\5f7t_Video2.txt,555,83,779,307
6g6y,6g6y\6g6y_Baseline.mp4,Physiological\6g6y\6g6y_Baseline.txt,509,99,766,356
6g6y,6g6y\6g6y_Breathing.mp4,Physiological\6g6y\6g6y_Breathing.txt,528,82,787,341
6g6y,6g6y\6g6y_Counting1.mp4,Physiological\6g6y\6g6y_Counting1.txt,519,97,781,359
6g6y,6g6y\6g6y_Counting2.mp4,Physiological\6g6y\6g6y_Counting2.txt,506,106,757,357
6g6y,6g6y\6g6y_Counting3.mp4,Physiological\6g6y\6g6y_Counting3.txt,471,118,712,359
6g6y,6g6y\6g6y_Math.mp4,Physiological\6g6y\6g6y_Math.txt,486,110,732,356
6g6y,6g6y\6g6y_Reading.mp4,Physiological\6g6y\6g6y_Reading.txt,490,98,737,345
6g6y,6g6y\6g6y_Relax.mp4,Physiological\6g6y\6g6y_Relax.txt,505,104,749,348
6g6y,6g6y\6g6y_Speaking.mp4,Physiological\6g6y\6g6y_Speaking.txt,497,90,745,338
6g6y,6g6y\6g6y_Stroop.mp4,Physiological\6g6y\6g6y_Stroop.txt,502,102,760,360
6g6y,6g6y\6g6y_Video1.mp4,Physiological\6g6y\6g6y_Video1.txt,500,94,759,353
6g6y,6g6y\6g6y_Video2.mp4,Physiological\6g6y\6g6y_Video2.txt,515,98,779,362
6k5f,6k5f\6k5f_Baseline.mp4,Physiological\6k5f\6k5f_Baseline.txt,427,147,651,371
6k5f,6k5f\6k5f_Breathing.mp4,Physiological\6k5f\6k5f_Breathing.txt,447,153,664,370
6k5f,6k5f\6k5f_Counting1.mp4,Physiological\6k5f\6k5f_Counting1.txt,451,148,676,373
6k5f,6k5f\6k5f_Counting2.mp4,Physiological\6k5f\6k5f_Counting2.txt,423,137,673,387
6k5f,6k5f\6k5f_Counting3.mp4,Physiological\6k5f\6k5f_Counting3.txt,460,141,701,382
6k5f,6k5f\6k5f_Math.mp4,Physiological\6k5f\6k5f_Math.txt,452,140,696,384
6k5f,6k5f\6k5f_Reading.mp4,Physiological\6k5f\6k5f_Reading.txt,448,140,690,382
6k5f,6k5f\6k5f_Relax.mp4,Physiological\6k5f\6k5f_Relax.txt,444,148,693,397
6k5f,6k5f\6k5f_Speaking.mp4,Physiological\6k5f\6k5f_Speaking.txt,444,141,689,386
6k5f,6k5f\6k5f_Stroop.mp4,Physiological\6k5f\6k5f_Stroop.txt,441,139,688,386
6k5f,6k5f\6k5f_Video1.mp4,Physiological\6k5f\6k5f_Video1.txt,441,147,669,375
6k5f,6k5f\6k5f_Video2.mp4,Physiological\6k5f\6k5f_Video2.txt,451,147,681,377
71i5,71i5\71i5_Baseline.mp4,Physiological\71i5\71i5_Baseline.txt,535,98,807,370
71i5,71i5\71i5_Breathing.mp4,Physiological\71i5\71i5_Breathing.txt,507,87,780,360
71i5,71i5\71i5_Counting1.mp4,Physiological\71i5\71i5_Counting1.txt,553,147,771,365
71i5,71i5\71i5_Counting2.mp4,Physiological\71i5\71i5_Counting2.txt,534,201,763,430
71i5,71i5\71i5_Counting3.mp4,Physiological\71i5\71i5_Counting3.txt,523,134,780,391
71i5,71i5\71i5_Math.mp4,Physiological\71i5\71i5_Math.txt,538,134,772,368
71i5,71i5\71i5_Reading.mp4,Physiological\71i5\71i5_Reading.txt,489,54,819,384
71i5,71i5\71i5_Relax.mp4,Physiological\71i5\71i5_Relax.txt,368,172,770,574
71i5,71i5\71i5_Speaking.mp4,Physiological\71i5\71i5_Speaking.txt,531,140,782,391
71i5,71i5\71i5_Stroop.mp4,Physiological\71i5\71i5_Stroop.txt,532,120,798,386
71i5,71i5\71i5_Video1.mp4,Physiological\71i5\71i5_Video1.txt,494,78,765,349
71i5,71i5\71i5_Video2.mp4,Physiological\71i5\71i5_Video2.txt,554,104,820,370
7h5u,7h5u\7h5u_Baseline.mp4,Physiological\7h5u\7h5u_Baseline.txt,397,130,757,490
7h5u,7h5u\7h5u_Breathing.mp4,Physiological\7h5u\7h5u_Breathing.txt,424,120,788,484
7h5u,7h5u\7h5u_Counting1.mp4,Physiological\7h5u\7h5u_Counting1.txt,404,186,755,537
7h5u,7h5u\7h5u_Counting2.mp4,Physiological\7h5u\7h5u_Counting2.txt,419,187,779,547
7h5u,7h5u\7h5u_Counting3.mp4,Physiological\7h5u\7h5u_Counting3.txt,384,172,719,507
7h5u,7h5u\7h5u_Math.mp4,Physiological\7h5u\7h5u_Math.txt,396,164,723,491
7h5u,7h5u\7h5u_Reading.mp4,Physiological\7h5u\7h5u_Reading.txt,447,222,782,557
7h5u,7h5u\7h5u_Relax.mp4,Physiological\7h5u\7h5u_Relax.txt,356,163,688,495
7h5u,7h5u\7h5u_Speaking.mp4,Physiological\7h5u\7h5u_Speaking.txt,432,188,774,530
7h5u,7h5u\7h5u_Stroop.mp4,Physiological\7h5u\7h5u_Stroop.txt,429,179,764,514
7h5u,7h5u\7h5u_Video1.mp4,Physiological\7h5u\7h5u_Video1.txt,383,168,771,556
8g4y,8g4y\8g4y_Baseline.mp4,Physiological\8g4y\8g4y_Baseline.txt,332,281,581,530
8g4y,8g4y\8g4y_Breathing.mp4,Physiological\8g4y\8g4y_Breathing.txt,308,271,568,531
8g4y,8g4y\8g4y_Counting1.mp4,Physiological\8g4y\8g4y_Counting1.txt,311,274,572,535
8g4y,8g4y\8g4y_Counting2.mp4,Physiological\8g4y\8g4y_Counting2.txt,309,283,559,533
8g4y,8g4y\8g4y_Counting3.mp4,Physiological\8g4y\8g4y_Counting3.txt,306,282,571,547
8g4y,8g4y\8g4y_Math.mp4,Physiological\8g4y\8g4y_Math.txt,322,284,580,542
8g4y,8g4y\8g4y_Reading.mp4,Physiological\8g4y\8g4y_Reading.txt,319,285,581,547
8g4y,8g4y\8g4y_Relax.mp4,Physiological\8g4y\8g4y_Relax.txt,317,282,580,545
8g4y,8g4y\8g4y_Speaking.mp4,Physiological\8g4y\8g4y_Speaking.txt,324,283,585,544
8g4y,8g4y\8g4y_Stroop.mp4,Physiological\8g4y\8g4y_Stroop.txt,292,275,562,545
8g4y,8g4y\8g4y_Video1.mp4,Physiological\8g4y\8g4y_Video1.txt,319,276,580,537
8g4y,8g4y\8g4y_Video2.mp4,Physiological\8g4y\8g4y_Video2.txt,309,284,569,544
8i4i,8i4i\8i4i_Baseline.mp4,Physiological\8i4i\8i4i_Baseline.txt,548,98,810,360
8i4i,8i4i\8i4i_Breathing.mp4,Physiological\8i4i\8i4i_Breathing.txt,484,91,765,372
8i4i,8i4i\8i4i_Counting1.mp4,Physiological\8i4i\8i4i_Counting1.txt,555,102,810,357
8i4i,8i4i\8i4i_Counting2.mp4,Physiological\8i4i\8i4i_Counting2.txt,544,103,798,357
8i4i,8i4i\8i4i_Counting3.mp4,Physiological\8i4i\8i4i_Counting3.txt,538,118,797,377
8i4i,8i4i\8i4i_Math.mp4,Physiological\8i4i\8i4i_Math.txt,524,102,784,362
8i4i,8i4i\8i4i_Reading.mp4,Physiological\8i4i\8i4i_Reading.txt,522,107,778,363
8i4i,8i4i\8i4i_Relax.mp4,Physiological\8i4i\8i4i_Relax.txt,493,110,764,381
8i4i,8i4i\8i4i_Speaking.mp4,Physiological\8i4i\8i4i_Speaking.txt,519,114,771,366
8i4i,8i4i\8i4i_Stroop.mp4,Physiological\8i4i\8i4i_Stroop.txt,526,109,785,368
8i4i,8i4i\8i4i_Video1.mp4,Physiological\8i4i\8i4i_Video1.txt,552,98,803,349
8i4i,8i4i\8i4i_Video2.mp4,Physiological\8i4i\8i4i_Video2.txt,558,103,820,365
9j3o,9j3o\9j3o_Baseline.mp4,Physiological\9j3o\9j3o_Baseline.txt,350,94,848,592
9j3o,9j3o\9j3o_Breathing.mp4,Physiological\9j3o\9j3o_Breathing.txt,343,154,800,611
9j3o,9j3o\9j3o_Counting1.mp4,Physiological\9j3o\9j3o_Counting1.txt,305,91,827,613
9j3o,9j3o\9j3o_Counting2.mp4,Physiological\9j3o\9j3o_Counting2.txt,317,130,814,627
9j3o,9j3o\9j3o_Counting3.mp4,Physiological\9j3o\9j3o_Counting3.txt,245,100,743,598
9j3o,9j3o\9j3o_Math.mp4,Physiological\9j3o\9j3o_Math.txt,224,98,757,631
9j3o,9j3o\9j3o_Reading.mp4,Physiological\9j3o\9j3o_Reading.txt,243,70,757,584
9j3o,9j3o\9j3o_Relax.mp4,Physiological\9j3o\9j3o_Relax.txt,316,46,800,530
9j3o,9j3o\9j3o_Speaking.mp4,Physiological\9j3o\9j3o_Speaking.txt,289,127,797,635
9j3o,9j3o\9j3o_Stroop.mp4,Physiological\9j3o\9j3o_Stroop.txt,309,73,820,584
9j3o,9j3o\9j3o_Video1.mp4,Physiological\9j3o\9j3o_Video1.txt,262,52,774,564
9j3o,9j3o\9j3o_Video2.mp4,Physiological\9j3o\9j3o_Video2.txt,362,106,860,604
9t6n,9t6n\9t6n_Baseline.mp4,Physiological\9t6n\9t6n_Baseline.txt,474,280,707,513
9t6n,9t6n\9t6n_Breathing.mp4,Physiological\9t6n\9t6n_Breathing.txt,477,286,706,515
9t6n,9t6n\9t6n_Counting1.mp4,Physiological\9t6n\9t6n_Counting1.txt,470,272,705,507
9t6n,9t6n\9t6n_Counting2.mp4,Physiological\9t6n\9t6n_Counting2.txt,486,280,718,512
9t6n,9t6n\9t6n_Counting3.mp4,Physiological\9t6n\9t6n_Counting3.txt,487,296,712,521
9t6n,9t6n\9t6n_Math.mp4,Physiological\9t6n\9t6n_Math.txt,509,279,726,496
9t6n,9t6n\9t6n_Reading.mp4,Physiological\9t6n\9t6n_Reading.txt,512,306,728,522
9t6n,9t6n\9t6n_Relax.mp4,Physiological\9t6n\9t6n_Relax.txt,539,316,751,528
9t6n,9t6n\9t6n_Speaking.mp4,Physiological\9t6n\9t6n_Speaking.txt,478,287,712,521
9t6n,9t6n\9t6n_Stroop.mp4,Physiological\9t6n\9t6n_Stroop.txt,461,282,696,517
9t6n,9t6n\9t6n_Video1.mp4,Physiological\9t6n\9t6n_Video1.txt,486,277,713,504
9t6n,9t6n\9t6n_Video2.mp4,Physiological\9t6n\9t6n_Video2.txt,486,289,719,522
9txq,9txq\9txq_Baseline.mp4,Physiological\9txq\9txq_Baseline.txt,497,211,747,461
9txq,9txq\9txq_Breathing.mp4,Physiological\9txq\9txq_Breathing.txt,509,197,758,446
9txq,9txq\9txq_Counting1.mp4,Physiological\9txq\9txq_Counting1.txt,504,213,750,459
9txq,9txq\9txq_Counting2.mp4,Physiological\9txq\9txq_Counting2.txt,577,226,790,439
9txq,9txq\9txq_Counting3.mp4,Physiological\9txq\9txq_Counting3.txt,502,212,745,455
9txq,9txq\9txq_Math.mp4,Physiological\9txq\9txq_Math.txt,472,222,726,476
9txq,9txq\9txq_Reading.mp4,Physiological\9txq\9txq_Reading.txt,535,211,775,451
9txq,9txq\9txq_Relax.mp4,Physiological\9txq\9txq_Relax.txt,501,238,749,486
9txq,9txq\9txq_Speaking.mp4,Physiological\9txq\9txq_Speaking.txt,498,211,743,456
9txq,9txq\9txq_Stroop.mp4,Physiological\9txq\9txq_Stroop.txt,478,220,734,476
9txq,9txq\9txq_Video1.mp4,Physiological\9txq\9txq_Video1.txt,506,205,757,456
9txq,9txq\9txq_Video2.mp4,Physiological\9txq\9txq_Video2.txt,522,220,768,466
a1k9,a1k9\a1k9_Baseline.mp4,Physiological\a1k9\a1k9_Baseline.txt,358,152,706,500
a1k9,a1k9\a1k9_Breathing.mp4,Physiological\a1k9\a1k9_Breathing.txt,389,135,727,473
a1k9,a1k9\a1k9_Counting1.mp4,Physiological\a1k9\a1k9_Counting1.txt,341,179,698,536
a1k9,a1k9\a1k9_Counting2.mp4,Physiological\a1k9\a1k9_Counting2.txt,346,221,710,585
a1k9,a1k9\a1k9_Counting3.mp4,Physiological\a1k9\a1k9_Counting3.txt,358,206,706,554
a1k9,a1k9\a1k9_Math.mp4,Physiological\a1k9\a1k9_Math.txt,327,240,721,634
a1k9,a1k9\a1k9_Reading.mp4,Physiological\a1k9\a1k9_Reading.txt,304,266,685,647
a1k9,a1k9\a1k9_Relax.mp4,Physiological\a1k9\a1k9_Relax.txt,341,207,717,583
a1k9,a1k9\a1k9_Speaking.mp4,Physiological\a1k9\a1k9_Speaking.txt,317,249,693,625
a1k9,a1k9\a1k9_Stroop.mp4,Physiological\a1k9\a1k9_Stroop.txt,306,221,677,592
a1k9,a1k9\a1k9_Video1.mp4,Physiological\a1k9\a1k9_Video1.txt,357,152,700,495
a1k9,a1k9\a1k9_Video2.mp4,Physiological\a1k9\a1k9_Video2.txt,331,159,690,518
b2l8,b2l8\b2l8_Baseline.mp4,Physiological\b2l8\b2l8_Baseline.txt,250,72,563,385
b2l8,b2l8\b2l8_Breathing.mp4,Physiological\b2l8\b2l8_Breathing.txt,256,80,561,385
b2l8,b2l8\b2l8_Counting1.mp4,Physiological\b2l8\b2l8_Counting1.txt,263,87,577,401
b2l8,b2l8\b2l8_Counting2.mp4,Physiological\b2l8\b2l8_Counting2.txt,262,85,579,402
b2l8,b2l8\b2l8_Counting3.mp4,Physiological\b2l8\b2l8_Counting3.txt,272,84,583,395
b2l8,b2l8\b2l8_Math.mp4,Physiological\b2l8\b2l8_Math.txt,295,78,596,379
b2l8,b2l8\b2l8_Reading.mp4,Physiological\b2l8\b2l8_Reading.txt,258,65,580,387
b2l8,b2l8\b2l8_Relax.mp4,Physiological\b2l8\b2l8_Relax.txt,285,95,590,400
b2l8,b2l8\b2l8_Speaking.mp4,Physiological\b2l8\b2l8_Speaking.txt,240,78,549,387
b2l8,b2l8\b2l8_Stroop.mp4,Physiological\b2l8\b2l8_Stroop.txt,263,98,571,406
b2l8,b2l8\b2l8_Video1.mp4,Physiological\b2l8\b2l8_Video1.txt,267,78,571,382
b2l8,b2l8\b2l8_Video2.mp4,Physiological\b2l8\b2l8_Video2.txt,281,90,579,388
b9w0,b9w0\b9w0_Baseline.mp4,Physiological\b9w0\b9w0_Baseline.txt,401,131,758,488
b9w0,b9w0\b9w0_Breathing.mp4,Physiological\b9w0\b9w0_Breathing.txt,412,42,729,359
b9w0,b9w0\b9w0_Counting1.mp4,Physiological\b9w0\b9w0_Counting1.txt,397,136,748,487
b9w0,b9w0\b9w0_Counting2.mp4,Physiological\b9w0\b9w0_Counting2.txt,401,146,757,502
b9w0,b9w0\b9w0_Counting3.mp4,Physiological\b9w0\b9w0_Counting3.txt,672,207,1075,610
b9w0,b9w0\b9w0_Math.mp4,Physiological\b9w0\b9w0_Math.txt,552,195,920,563
b9w0,b9w0\b9w0_Reading.mp4,Physiological\b9w0\b9w0_Reading.txt,711,253,1120,662
b9w0,b9w0\b9w0_Relax.mp4,Physiological\b9w0\b9w0_Relax.txt,585,178,967,560
b9w0,b9w0\b9w0_Speaking.mp4,Physiological\b9w0\b9w0_Speaking.txt,415,190,793,568
b9w0,b9w0\b9w0_Stroop.mp4,Physiological\b9w0\b9w0_Stroop.txt,422,155,791,524
b9w0,b9w0\b9w0_Video1.mp4,Physiological\b9w0\b9w0_Video1.txt,394,128,744,478
b9w0,b9w0\b9w0_Video2.mp4,Physiological\b9w0\b9w0_Video2.txt,405,141,766,502
bfl5,bfl5\bfl5_Baseline.mp4,Physiological\bfl5\bfl5_Baseline.txt,549,254,793,498
bfl5,bfl5\bfl5_Breathing.mp4,Physiological\bfl5\bfl5_Breathing.txt,544,230,790,476
bfl5,bfl5\bfl5_Counting1.mp4,Physiological\bfl5\bfl5_Counting1.txt,552,256,795,499
bfl5,bfl5\bfl5_Counting2.mp4,Physiological\bfl5\bfl5_Counting2.txt,542,244,788,490
bfl5,bfl5\bfl5_Counting3.mp4,Physiological\bfl5\bfl5_Counting3.txt,564,234,813,483
bfl5,bfl5\bfl5_Math.mp4,Physiological\bfl5\bfl5_Math.txt,546,233,785,472
bfl5,bfl5\bfl5_Reading.mp4,Physiological\bfl5\bfl5_Reading.txt,559,257,798,496
bfl5,bfl5\bfl5_Relax.mp4,Physiological\bfl5\bfl5_Relax.txt,557,246,794,483
bfl5,bfl5\bfl5_Speaking.mp4,Physiological\bfl5\bfl5_Speaking.txt,547,245,785,483
bfl5,bfl5\bfl5_Stroop.mp4,Physiological\bfl5\bfl5_Stroop.txt,541,233,788,480
bfl5,bfl5\bfl5_Video1.mp4,Physiological\bfl5\bfl5_Video1.txt,539,253,789,503
bfl5,bfl5\bfl5_Video2.mp4,Physiological\bfl5\bfl5_Video2.txt,538,258,800,520
c3m7,c3m7\c3m7_Baseline.mp4,Physiological\c3m7\c3m7_Baseline.txt,366,165,703,502
c3m7,c3m7\c3m7_Breathing.mp4,Physiological\c3m7\c3m7_Breathing.txt,332,163,718,549
c3m7,c3m7\c3m7_Counting1.mp4,Physiological\c3m7\c3m7_Counting1.txt,380,150,718,488
c3m7,c3m7\c3m7_Counting2.mp4,Physiological\c3m7\c3m7_Counting2.txt,376,154,708,486
c3m7,c3m7\c3m7_Counting3.mp4,Physiological\c3m7\c3m7_Counting3.txt,402,162,744,504
c3m7,c3m7\c3m7_Math.mp4,Physiological\c3m7\c3m7_Math.txt,426,177,756,507
c3m7,c3m7\c3m7_Reading.mp4,Physiological\c3m7\c3m7_Reading.txt,407,164,740,497
c3m7,c3m7\c3m7_Relax.mp4,Physiological\c3m7\c3m7_Relax.txt,405,185,731,511
c3m7,c3m7\c3m7_Speaking.mp4,Physiological\c3m7\c3m7_Speaking.txt,399,156,740,497
c3m7,c3m7\c3m7_Stroop.mp4,Physiological\c3m7\c3m7_Stroop.txt,398,164,735,501
c3m7,c3m7\c3m7_Video1.mp4,Physiological\c3m7\c3m7_Video1.txt,380,165,722,507
c3m7,c3m7\c3m7_Video2.mp4,Physiological\c3m7\c3m7_Video2.txt,343,148,682,487
chdf,chdf\chdf_Baseline.mp4,Physiological\chdf\chdf_Baseline.txt,579,306,888,615
chdf,chdf\chdf_Breathing.mp4,Physiological\chdf\chdf_Breathing.txt,596,272,894,570
chdf,chdf\chdf_Counting1.mp4,Physiological\chdf\chdf_Counting1.txt,600,312,896,608
chdf,chdf\chdf_Counting2.mp4,Physiological\chdf\chdf_Counting2.txt,583,285,861,563
chdf,chdf\chdf_Counting3.mp4,Physiological\chdf\chdf_Counting3.txt,610,223,904,517
chdf,chdf\chdf_Math.mp4,Physiological\chdf\chdf_Math.txt,620,286,942,608
chdf,chdf\chdf_Reading.mp4,Physiological\chdf\chdf_Reading.txt,620,286,942,608
chdf,chdf\chdf_Relax.mp4,Physiological\chdf\chdf_Relax.txt,608,268,930,590
chdf,chdf\chdf_Speaking.mp4,Physiological\chdf\chdf_Speaking.txt,608,322,910,624
chdf,chdf\chdf_Stroop.mp4,Physiological\chdf\chdf_Stroop.txt,628,312,913,597
chdf,chdf\chdf_Video1.mp4,Physiological\chdf\chdf_Video1.txt,585,324,888,627
chdf,chdf\chdf_Video2.mp4,Physiological\chdf\chdf_Video2.txt,589,307,882,600
ctzy,ctzy\ctzy_Baseline.mp4,Physiological\ctzy\ctzy_Baseline.txt,502,214,743,455
ctzy,ctzy\ctzy_Breathing.mp4,Physiological\ctzy\ctzy_Breathing.txt,497,204,736,443
ctzy,ctzy\ctzy_Counting1.mp4,Physiological\ctzy\ctzy_Counting1.txt,485,273,759,547
ctzy,ctzy\ctzy_Counting2.mp4,Physiological\ctzy\ctzy_Counting2.txt,499,199,744,444
ctzy,ctzy\ctzy_Counting3.mp4,Physiological\ctzy\ctzy_Counting3.txt,464,199,725,460
ctzy,ctzy\ctzy_Math.mp4,Physiological\ctzy\ctzy_Math.txt,498,204,752,458
ctzy,ctzy\ctzy_Reading.mp4,Physiological\ctzy\ctzy_Reading.txt,492,201,750,459
ctzy,ctzy\ctzy_Relax.mp4,Physiological\ctzy\ctzy_Relax.txt,493,215,736,458
ctzy,ctzy\ctzy_Speaking.mp4,Physiological\ctzy\ctzy_Speaking.txt,492,212,740,460
ctzy,ctzy\ctzy_Stroop.mp4,Physiological\ctzy\ctzy_Stroop.txt,483,209,732,458
ctzy,ctzy\ctzy_Video1.mp4,Physiological\ctzy\ctzy_Video1.txt,503,210,741,448
ctzy,ctzy\ctzy_Video2.mp4,Physiological\ctzy\ctzy_Video2.txt,505,214,748,457
cxj0,cxj0\cxj0_Baseline.mp4,Physiological\cxj0\cxj0_Baseline.txt,642,253,846,457
cxj0,cxj0\cxj0_Breathing.mp4,Physiological\cxj0\cxj0_Breathing.txt,602,232,793,423
cxj0,cxj0\cxj0_Counting1.mp4,Physiological\cxj0\cxj0_Counting1.txt,557,251,769,463
cxj0,cxj0\cxj0_Counting2.mp4,Physiological\cxj0\cxj0_Counting2.txt,571,89,900,418
cxj0,cxj0\cxj0_Counting3.mp4,Physiological\cxj0\cxj0_Counting3.txt,489,190,806,507
cxj0,cxj0\cxj0_Math.mp4,Physiological\cxj0\cxj0_Math.txt,594,218,833,457
cxj0,cxj0\cxj0_Reading.mp4,Physiological\cxj0\cxj0_Reading.txt,536,51,948,463
cxj0,cxj0\cxj0_Relax.mp4,Physiological\cxj0\cxj0_Relax.txt,590,215,831,456
cxj0,cxj0\cxj0_Speaking.mp4,Physiological\cxj0\cxj0_Speaking.txt,579,65,935,421
cxj0,cxj0\cxj0_Stroop.mp4,Physiological\cxj0\cxj0_Stroop.txt,626,218,883,475
cxj0,cxj0\cxj0_Video1.mp4,Physiological\cxj0\cxj0_Video1.txt,607,249,816,458
cxj0,cxj0\cxj0_Video2.mp4,Physiological\cxj0\cxj0_Video2.txt,559,122,871,434
d4n6,d4n6\d4n6_Baseline.mp4,Physiological\d4n6\d4n6_Baseline.txt,281,261,658,638
d4n6,d4n6\d4n6_Breathing.mp4,Physiological\d4n6\d4n6_Breathing.txt,276,262,653,639
d4n6,d4n6\d4n6_Counting1.mp4,Physiological\d4n6\d4n6_Counting1.txt,273,284,654,665
d4n6,d4n6\d4n6_Counting2.mp4,Physiological\d4n6\d4n6_Counting2.txt,273,290,654,671
d4n6,d4n6\d4n6_Counting3.mp4,Physiological\d4n6\d4n6_Counting3.txt,312,249,675,612
d4n6,d4n6\d4n6_Math.mp4,Physiological\d4n6\d4n6_Math.txt,329,219,693,583
d4n6,d4n6\d4n6_Reading.mp4,Physiological\d4n6\d4n6_Reading.txt,352,266,710,624
d4n6,d4n6\d4n6_Relax.mp4,Physiological\d4n6\d4n6_Relax.txt,265,273,637,645
d4n6,d4n6\d4n6_Speaking.mp4,Physiological\d4n6\d4n6_Speaking.txt,215,260,589,634
d4n6,d4n6\d4n6_Stroop.mp4,Physiological\d4n6\d4n6_Stroop.txt,243,278,642,677
d4n6,d4n6\d4n6_Video1.mp4,Physiological\d4n6\d4n6_Video1.txt,245,254,642,651
d4n6,d4n6\d4n6_Video2.mp4,Physiological\d4n6\d4n6_Video2.txt,272,280,649,657
e5p4,e5p4\e5p4_Baseline.mp4,Physiological\e5p4\e5p4_Baseline.txt,387,95,777,485
e5p4,e5p4\e5p4_Breathing.mp4,Physiological\e5p4\e5p4_Breathing.txt,395,100,785,490
e5p4,e5p4\e5p4_Counting1.mp4,Physiological\e5p4\e5p4_Counting1.txt,350,72,749,471
e5p4,e5p4\e5p4_Counting2.mp4,Physiological\e5p4\e5p4_Counting2.txt,369,106,766,503
e5p4,e5p4\e5p4_Counting3.mp4,Physiological\e5p4\e5p4_Counting3.txt,339,126,700,487
e5p4,e5p4\e5p4_Math.mp4,Physiological\e5p4\e5p4_Math.txt,408,105,789,486
e5p4,e5p4\e5p4_Reading.mp4,Physiological\e5p4\e5p4_Reading.txt,371,132,767,528
e5p4,e5p4\e5p4_Relax.mp4,Physiological\e5p4\e5p4_Relax.txt,485,173,824,512
e5p4,e5p4\e5p4_Speaking.mp4,Physiological\e5p4\e5p4_Speaking.txt,399,120,775,496
e5p4,e5p4\e5p4_Stroop.mp4,Physiological\e5p4\e5p4_Stroop.txt,379,138,746,505
e5p4,e5p4\e5p4_Video1.mp4,Physiological\e5p4\e5p4_Video1.txt,364,87,754,477
e5p4,e5p4\e5p4_Video2.mp4,Physiological\e5p4\e5p4_Video2.txt,350,91,750,491
f6q3,f6q3\f6q3_Baseline.mp4,Physiological\f6q3\f6q3_Baseline.txt,445,214,685,454
f6q3,f6q3\f6q3_Breathing.mp4,Physiological\f6q3\f6q3_Breathing.txt,451,222,680,451
f6q3,f6q3\f6q3_Counting1.mp4,Physiological\f6q3\f6q3_Counting1.txt,444,248,658,462
f6q3,f6q3\f6q3_Counting2.mp4,Physiological\f6q3\f6q3_Counting2.txt,450,243,683,476
f6q3,f6q3\f6q3_Counting3.mp4,Physiological\f6q3\f6q3_Counting3.txt,442,250,672,480
f6q3,f6q3\f6q3_Math.mp4,Physiological\f6q3\f6q3_Math.txt,446,246,672,472
f6q3,f6q3\f6q3_Reading.mp4,Physiological\f6q3\f6q3_Reading.txt,460,248,685,473
f6q3,f6q3\f6q3_Relax.mp4,Physiological\f6q3\f6q3_Relax.txt,461,248,681,468
f6q3,f6q3\f6q3_Speaking.mp4,Physiological\f6q3\f6q3_Speaking.txt,444,243,672,471
f6q3,f6q3\f6q3_Stroop.mp4,Physiological\f6q3\f6q3_Stroop.txt,453,246,686,479
f6q3,f6q3\f6q3_Video1.mp4,Physiological\f6q3\f6q3_Video1.txt,450,213,691,454
f6q3,f6q3\f6q3_Video2.mp4,Physiological\f6q3\f6q3_Video2.txt,412,217,651,456
g7r2,g7r2\g7r2_Baseline.mp4,Physiological\g7r2\g7r2_Baseline.txt,367,93,677,403
g7r2,g7r2\g7r2_Breathing.mp4,Physiological\g7r2\g7r2_Breathing.txt,374,86,680,392
g7r2,g7r2\g7r2_Counting1.mp4,Physiological\g7r2\g7r2_Counting1.txt,364,95,682,413
g7r2,g7r2\g7r2_Counting2.mp4,Physiological\g7r2\g7r2_Counting2.txt,365,94,681,410
g7r2,g7r2\g7r2_Counting3.mp4,Physiological\g7r2\g7r2_Counting3.txt,373,80,683,390
g7r2,g7r2\g7r2_Math.mp4,Physiological\g7r2\g7r2_Math.txt,380,94,687,401
g7r2,g7r2\g7r2_Reading.mp4,Physiological\g7r2\g7r2_Reading.txt,375,96,681,402
g7r2,g7r2\g7r2_Relax.mp4,Physiological\g7r2\g7r2_Relax.txt,378,101,710,433
g7r2,g7r2\g7r2_Speaking.mp4,Physiological\g7r2\g7r2_Speaking.txt,370,91,687,408
g7r2,g7r2\g7r2_Stroop.mp4,Physiological\g7r2\g7r2_Stroop.txt,368,100,673,405
g7r2,g7r2\g7r2_Video1.mp4,Physiological\g7r2\g7r2_Video1.txt,372,95,685,408
g7r2,g7r2\g7r2_Video2.mp4,Physiological\g7r2\g7r2_Video2.txt,377,102,678,403
g9j5,g9j5\g9j5_Baseline.mp4,Physiological\g9j5\g9j5_Baseline.txt,470,74,857,461
g9j5,g9j5\g9j5_Breathing.mp4,Physiological\g9j5\g9j5_Breathing.txt,481,65,863,447
g9j5,g9j5\g9j5_Counting1.mp4,Physiological\g9j5\g9j5_Counting1.txt,482,132,858,508
g9j5,g9j5\g9j5_Counting2.mp4,Physiological\g9j5\g9j5_Counting2.txt,431,48,805,422
g9j5,g9j5\g9j5_Counting3.mp4,Physiological\g9j5\g9j5_Counting3.txt,464,56,847,439
g9j5,g9j5\g9j5_Math.mp4,Physiological\g9j5\g9j5_Math.txt,483,79,870,466
g9j5,g9j5\g9j5_Reading.mp4,Physiological\g9j5\g9j5_Reading.txt,394,86,795,487
g9j5,g9j5\g9j5_Relax.mp4,Physiological\g9j5\g9j5_Relax.txt,472,89,868,485
g9j5,g9j5\g9j5_Speaking.mp4,Physiological\g9j5\g9j5_Speaking.txt,446,83,844,481
g9j5,g9j5\g9j5_Stroop.mp4,Physiological\g9j5\g9j5_Stroop.txt,451,71,841,461
g9j5,g9j5\g9j5_Video1.mp4,Physiological\g9j5\g9j5_Video1.txt,480,77,880,477
g9j5,g9j5\g9j5_Video2.mp4,Physiological\g9j5\g9j5_Video2.txt,543,40,960,457
h7j3,h7j3\h7j3_Baseline.mp4,Physiological\h7j3\h7j3_Baseline.txt,507,151,761,405
h7j3,h7j3\h7j3_Breathing.mp4,Physiological\h7j3\h7j3_Breathing.txt,507,167,762,422
h7j3,h7j3\h7j3_Counting1.mp4,Physiological\h7j3\h7j3_Counting1.txt,538,147,795,404
h7j3,h7j3\h7j3_Counting2.mp4,Physiological\h7j3\h7j3_Counting2.txt,538,146,782,390
h7j3,h7j3\h7j3_Counting3.mp4,Physiological\h7j3\h7j3_Counting3.txt,536,151,783,398
h7j3,h7j3\h7j3_Math.mp4,Physiological\h7j3\h7j3_Math.txt,563,142,802,381
h7j3,h7j3\h7j3_Reading.mp4,Physiological\h7j3\h7j3_Reading.txt,526,162,786,422
h7j3,h7j3\h7j3_Speaking.mp4,Physiological\h7j3\h7j3_Speaking.txt,538,146,777,385
h7j3,h7j3\h7j3_Stroop.mp4,Physiological\h7j3\h7j3_Stroop.txt,518,154,769,405
h7j3,h7j3\h7j3_Video1.mp4,Physiological\h7j3\h7j3_Video1.txt,521,184,769,432
h7j3,h7j3\h7j3_Video2.mp4,Physiological\h7j3\h7j3_Video2.txt,480,188,733,441
h8r2,h8r2\h8r2_Counting1.mp4,Physiological\h8r2\h8r2_Counting1.txt,249,299,517,567
h8r2,h8r2\h8r2_Counting2.mp4,Physiological\h8r2\h8r2_Counting2.txt,215,302,506,593
h8r2,h8r2\h8r2_Counting3.mp4,Physiological\h8r2\h8r2_Counting3.txt,227,289,516,578
h8r2,h8r2\h8r2_Math.mp4,Physiological\h8r2\h8r2_Math.txt,231,314,512,595
h8r2,h8r2\h8r2_Reading.mp4,Physiological\h8r2\h8r2_Reading.txt,213,318,495,600
h8r2,h8r2\h8r2_Relax.mp4,Physiological\h8r2\h8r2_Relax.txt,211,315,492,596
h8r2,h8r2\h8r2_Speaking.mp4,Physiological\h8r2\h8r2_Speaking.txt,234,308,518,592
h8r2,h8r2\h8r2_Stroop.mp4,Physiological\h8r2\h8r2_Stroop.txt,212,315,492,595
h8r2,h8r2\h8r2_Video1.mp4,Physiological\h8r2\h8r2_Video1.txt,234,302,510,578
h8r2,h8r2\h8r2_Video2.mp4,Physiological\h8r2\h8r2_Video2.txt,214,297,488,571
h8s1,h8s1\h8s1_Baseline.mp4,Physiological\h8s1\h8s1_Baseline.txt,424,113,773,462
h8s1,h8s1\h8s1_Breathing.mp4,Physiological\h8s1\h8s1_Breathing.txt,278,66,725,513
h8s1,h8s1\h8s1_Counting1.mp4,Physiological\h8s1\h8s1_Counting1.txt,397,112,749,464
h8s1,h8s1\h8s1_Counting2.mp4,Physiological\h8s1\h8s1_Counting2.txt,403,135,754,486
h8s1,h8s1\h8s1_Counting3.mp4,Physiological\h8s1\h8s1_Counting3.txt,366,122,712,468
h8s1,h8s1\h8s1_Math.mp4,Physiological\h8s1\h8s1_Math.txt,365,115,721,471
h8s1,h8s1\h8s1_Reading.mp4,Physiological\h8s1\h8s1_Reading.txt,351,127,698,474
h8s1,h8s1\h8s1_Relax.mp4,Physiological\h8s1\h8s1_Relax.txt,388,138,734,484
h8s1,h8s1\h8s1_Speaking.mp4,Physiological\h8s1\h8s1_Speaking.txt,387,126,737,476
h8s1,h8s1\h8s1_Stroop.mp4,Physiological\h8s1\h8s1_Stroop.txt,399,132,753,486
h8s1,h8s1\h8s1_Video1.mp4,Physiological\h8s1\h8s1_Video1.txt,416,106,765,455
h8s1,h8s1\h8s1_Video2.mp4,Physiological\h8s1\h8s1_Video2.txt,411,131,760,480
i9t9,i9t9\i9t9_Baseline.mp4,Physiological\i9t9\i9t9_Baseline.txt,491,125,793,427
i9t9,i9t9\i9t9_Breathing.mp4,Physiological\i9t9\i9t9_Breathing.txt,490,112,799,421
i9t9,i9t9\i9t9_Counting1.mp4,Physiological\i9t9\i9t9_Counting1.txt,517,122,826,431
i9t9,i9t9\i9t9_Counting2.mp4,Physiological\i9t9\i9t9_Counting2.txt,499,122,811,434
i9t9,i9t9\i9t9_Counting3.mp4,Physiological\i9t9\i9t9_Counting3.txt,526,110,841,425
i9t9,i9t9\i9t9_Math.mp4,Physiological\i9t9\i9t9_Math.txt,502,114,818,430
i9t9,i9t9\i9t9_Reading.mp4,Physiological\i9t9\i9t9_Reading.txt,494,124,798,428
i9t9,i9t9\i9t9_Relax.mp4,Physiological\i9t9\i9t9_Relax.txt,525,124,844,443
i9t9,i9t9\i9t9_Speaking.mp4,Physiological\i9t9\i9t9_Speaking.txt,500,122,810,432
i9t9,i9t9\i9t9_Stroop.mp4,Physiological\i9t9\i9t9_Stroop.txt,492,126,806,440
i9t9,i9t9\i9t9_Video1.mp4,Physiological\i9t9\i9t9_Video1.txt,492,116,801,425
i9t9,i9t9\i9t9_Video2.mp4,Physiological\i9t9\i9t9_Video2.txt,488,134,792,438
iqyg,iqyg\iqyg_Baseline.mp4,Physiological\iqyg\iqyg_Baseline.txt,576,253,808,485
iqyg,iqyg\iqyg_Breathing.mp4,Physiological\iqyg\iqyg_Breathing.txt,586,235,811,460
iqyg,iqyg\iqyg_Counting1.mp4,Physiological\iqyg\iqyg_Counting1.txt,571,250,823,502
iqyg,iqyg\iqyg_Counting2.mp4,Physiological\iqyg\iqyg_Counting2.txt,577,236,815,474
iqyg,iqyg\iqyg_Counting3.mp4,Physiological\iqyg\iqyg_Counting3.txt,577,254,821,498
iqyg,iqyg\iqyg_Math.mp4,Physiological\iqyg\iqyg_Math.txt,575,243,820,488
iqyg,iqyg\iqyg_Reading.mp4,Physiological\iqyg\iqyg_Reading.txt,580,240,838,498
iqyg,iqyg\iqyg_Relax.mp4,Physiological\iqyg\iqyg_Relax.txt,578,253,823,498
iqyg,iqyg\iqyg_Speaking.mp4,Physiological\iqyg\iqyg_Speaking.txt,598,250,841,493
iqyg,iqyg\iqyg_Stroop.mp4,Physiological\iqyg\iqyg_Stroop.txt,578,245,838,505
iqyg,iqyg\iqyg_Video1.mp4,Physiological\iqyg\iqyg_Video1.txt,570,255,805,490
iqyg,iqyg\iqyg_Video2.mp4,Physiological\iqyg\iqyg_Video2.txt,588,251,808,471
j9h8,j9h8\j9h8_Baseline.mp4,Physiological\j9h8\j9h8_Baseline.txt,293,222,580,509
j9h8,j9h8\j9h8_Breathing.mp4,Physiological\j9h8\j9h8_Breathing.txt,328,183,615,470
j9h8,j9h8\j9h8_Counting1.mp4,Physiological\j9h8\j9h8_Counting1.txt,287,220,581,514
j9h8,j9h8\j9h8_Counting2.mp4,Physiological\j9h8\j9h8_Counting2.txt,291,228,575,512
j9h8,j9h8\j9h8_Counting3.mp4,Physiological\j9h8\j9h8_Counting3.txt,268,233,549,514
j9h8,j9h8\j9h8_Math.mp4,Physiological\j9h8\j9h8_Math.txt,296,234,587,525
j9h8,j9h8\j9h8_Reading.mp4,Physiological\j9h8\j9h8_Reading.txt,283,227,566,510
j9h8,j9h8\j9h8_Relax.mp4,Physiological\j9h8\j9h8_Relax.txt,284,227,574,517
j9h8,j9h8\j9h8_Speaking.mp4,Physiological\j9h8\j9h8_Speaking.txt,300,235,580,515
j9h8,j9h8\j9h8_Stroop.mp4,Physiological\j9h8\j9h8_Stroop.txt,299,234,581,516
j9h8,j9h8\j9h8_Video1.mp4,Physiological\j9h8\j9h8_Video1.txt,292,218,586,512
j9h8,j9h8\j9h8_Video2.mp4,Physiological\j9h8\j9h8_Video2.txt,281,224,577,520
k2v7,k2v7\k2v7_Baseline.mp4,Physiological\k2v7\k2v7_Baseline.txt,427,170,809,552
k2v7,k2v7\k2v7_Breathing.mp4,Physiological\k2v7\k2v7_Breathing.txt,409,194,770,555
k2v7,k2v7\k2v7_Counting1.mp4,Physiological\k2v7\k2v7_Counting1.txt,384,195,779,590
k2v7,k2v7\k2v7_Counting2.mp4,Physiological\k2v7\k2v7_Counting2.txt,416,215,764,563
k2v7,k2v7\k2v7_Counting3.mp4,Physiological\k2v7\k2v7_Counting3.txt,450,221,827,598
k2v7,k2v7\k2v7_Math.mp4,Physiological\k2v7\k2v7_Math.txt,382,175,814,607
k2v7,k2v7\k2v7_Reading.mp4,Physiological\k2v7\k2v7_Reading.txt,287,207,738,658
k2v7,k2v7\k2v7_Relax.mp4,Physiological\k2v7\k2v7_Relax.txt,437,214,809,586
k2v7,k2v7\k2v7_Speaking.mp4,Physiological\k2v7\k2v7_Speaking.txt,363,158,739,534
k2v7,k2v7\k2v7_Stroop.mp4,Physiological\k2v7\k2v7_Stroop.txt,323,248,744,669
k2v7,k2v7\k2v7_Video1.mp4,Physiological\k2v7\k2v7_Video1.txt,415,169,776,530
k2v7,k2v7\k2v7_Video2.mp4,Physiological\k2v7\k2v7_Video2.txt,387,203,775,591
k67g,k67g\k67g_Counting1.mp4,Physiological\k67g\k67g_Counting1.txt,532,223,771,462
k67g,k67g\k67g_Counting2.mp4,Physiological\k67g\k67g_Counting2.txt,517,220,761,464
k67g,k67g\k67g_Counting3.mp4,Physiological\k67g\k67g_Counting3.txt,534,233,772,471
k67g,k67g\k67g_Math.mp4,Physiological\k67g\k67g_Math.txt,544,210,768,434
k67g,k67g\k67g_Reading.mp4,Physiological\k67g\k67g_Reading.txt,549,215,786,452
k67g,k67g\k67g_Relax.mp4,Physiological\k67g\k67g_Relax.txt,466,83,824,441
k67g,k67g\k67g_Speaking.mp4,Physiological\k67g\k67g_Speaking.txt,551,206,773,428
k67g,k67g\k67g_Stroop.mp4,Physiological\k67g\k67g_Stroop.txt,470,86,823,439
k67g,k67g\k67g_Video2.mp4,Physiological\k67g\k67g_Video2.txt,524,229,781,486
kkf5,kkf5\kkf5_Baseline.mp4,Physiological\kkf5\kkf5_Baseline.txt,475,134,788,447
kkf5,kkf5\kkf5_Breathing.mp4,Physiological\kkf5\kkf5_Breathing.txt,479,127,781,429
kkf5,kkf5\kkf5_Counting1.mp4,Physiological\kkf5\kkf5_Counting1.txt,491,145,794,448
kkf5,kkf5\kkf5_Counting2.mp4,Physiological\kkf5\kkf5_Counting2.txt,478,132,778,432
kkf5,kkf5\kkf5_Counting3.mp4,Physiological\kkf5\kkf5_Counting3.txt,461,115,773,427
kkf5,kkf5\kkf5_Math.mp4,Physiological\kkf5\kkf5_Math.txt,473,146,777,450
kkf5,kkf5\kkf5_Reading.mp4,Physiological\kkf5\kkf5_Reading.txt,453,138,757,442
kkf5,kkf5\kkf5_Relax.mp4,Physiological\kkf5\kkf5_Relax.txt,472,137,772,437
kkf5,kkf5\kkf5_Speaking.mp4,Physiological\kkf5\kkf5_Speaking.txt,472,145,774,447
kkf5,kkf5\kkf5_Stroop.mp4,Physiological\kkf5\kkf5_Stroop.txt,462,122,762,422
kkf5,kkf5\kkf5_Video1.mp4,Physiological\kkf5\kkf5_Video1.txt,465,115,769,419
kkf5,kkf5\kkf5_Video2.mp4,Physiological\kkf5\kkf5_Video2.txt,471,137,778,444
kycf,kycf\kycf_Baseline.mp4,Physiological\kycf\kycf_Baseline.txt,468,142,776,450
kycf,kycf\kycf_Breathing.mp4,Physiological\kycf\kycf_Breathing.txt,488,136,783,431
kycf,kycf\kycf_Counting1.mp4,Physiological\kycf\kycf_Counting1.txt,480,164,791,475
kycf,kycf\kycf_Counting2.mp4,Physiological\kycf\kycf_Counting2.txt,487,157,789,459
kycf,kycf\kycf_Counting3.mp4,Physiological\kycf\kycf_Counting3.txt,492,146,785,439
kycf,kycf\kycf_Math.mp4,Physiological\kycf\kycf_Math.txt,395,13,794,412
kycf,kycf\kycf_Reading.mp4,Physiological\kycf\kycf_Reading.txt,408,16,796,404
kycf,kycf\kycf_Relax.mp4,Physiological\kycf\kycf_Relax.txt,466,164,765,463
kycf,kycf\kycf_Speaking.mp4,Physiological\kycf\kycf_Speaking.txt,450,181,740,471
kycf,kycf\kycf_Stroop.mp4,Physiological\kycf\kycf_Stroop.txt,419,20,786,387
kycf,kycf\kycf_Video1.mp4,Physiological\kycf\kycf_Video1.txt,474,154,772,452
kycf,kycf\kycf_Video2.mp4,Physiological\kycf\kycf_Video2.txt,485,158,792,465
m8g5,m8g5\m8g5_Baseline.mp4,Physiological\m8g5\m8g5_Baseline.txt,546,119,805,378
m8g5,m8g5\m8g5_Breathing.mp4,Physiological\m8g5\m8g5_Breathing.txt,517,106,787,376
m8g5,m8g5\m8g5_Counting1.mp4,Physiological\m8g5\m8g5_Counting1.txt,545,104,819,378
m8g5,m8g5\m8g5_Counting2.mp4,Physiological\m8g5\m8g5_Counting2.txt,551,116,821,386
m8g5,m8g5\m8g5_Counting3.mp4,Physiological\m8g5\m8g5_Counting3.txt,505,113,792,400
m8g5,m8g5\m8g5_Math.mp4,Physiological\m8g5\m8g5_Math.txt,495,118,787,410
m8g5,m8g5\m8g5_Reading.mp4,Physiological\m8g5\m8g5_Reading.txt,503,106,801,404
m8g5,m8g5\m8g5_Relax.mp4,Physiological\m8g5\m8g5_Relax.txt,501,113,783,395
m8g5,m8g5\m8g5_Speaking.mp4,Physiological\m8g5\m8g5_Speaking.txt,573,85,845,357
m8g5,m8g5\m8g5_Stroop.mp4,Physiological\m8g5\m8g5_Stroop.txt,556,114,819,377
m8g5,m8g5\m8g5_Video1.mp4,Physiological\m8g5\m8g5_Video1.txt,543,113,806,376
m8g5,m8g5\m8g5_Video2.mp4,Physiological\m8g5\m8g5_Video2.txt,551,122,809,380
p9i3,p9i3\p9i3_Baseline.mp4,Physiological\p9i3\p9i3_Baseline.txt,450,145,725,420
p9i3,p9i3\p9i3_Breathing.mp4,Physiological\p9i3\p9i3_Breathing.txt,461,134,732,405
p9i3,p9i3\p9i3_Counting1.mp4,Physiological\p9i3\p9i3_Counting1.txt,450,149,728,427
p9i3,p9i3\p9i3_Counting2.mp4,Physiological\p9i3\p9i3_Counting2.txt,463,155,739,431
p9i3,p9i3\p9i3_Counting3.mp4,Physiological\p9i3\p9i3_Counting3.txt,456,145,742,431
p9i3,p9i3\p9i3_Math.mp4,Physiological\p9i3\p9i3_Math.txt,451,125,733,407
p9i3,p9i3\p9i3_Reading.mp4,Physiological\p9i3\p9i3_Reading.txt,442,131,729,418
p9i3,p9i3\p9i3_Relax.mp4,Physiological\p9i3\p9i3_Relax.txt,462,159,738,435
p9i3,p9i3\p9i3_Speaking.mp4,Physiological\p9i3\p9i3_Speaking.txt,456,142,745,431
p9i3,p9i3\p9i3_Stroop.mp4,Physiological\p9i3\p9i3_Stroop.txt,467,159,745,437
p9i3,p9i3\p9i3_Video1.mp4,Physiological\p9i3\p9i3_Video1.txt,451,136,728,413
p9i3,p9i3\p9i3_Video2.mp4,Physiological\p9i3\p9i3_Video2.txt,447,149,726,428
qw5t,qw5t\qw5t_Baseline.mp4,Physiological\qw5t\qw5t_Baseline.txt,319,307,608,596
qw5t,qw5t\qw5t_Breathing.mp4,Physiological\qw5t\qw5t_Breathing.txt,339,320,614,595
qw5t,qw5t\qw5t_Counting1.mp4,Physiological\qw5t\qw5t_Counting1.txt,383,278,656,551
qw5t,qw5t\qw5t_Counting2.mp4,Physiological\qw5t\qw5t_Counting2.txt,337,299,610,572
qw5t,qw5t\qw5t_Counting3.mp4,Physiological\qw5t\qw5t_Counting3.txt,333,298,603,568
qw5t,qw5t\qw5t_Math.mp4,Physiological\qw5t\qw5t_Math.txt,351,306,612,567
qw5t,qw5t\qw5t_Reading.mp4,Physiological\qw5t\qw5t_Reading.txt,330,310,607,587
qw5t,qw5t\qw5t_Relax.mp4,Physiological\qw5t\qw5t_Relax.txt,335,295,608,568
qw5t,qw5t\qw5t_Speaking.mp4,Physiological\qw5t\qw5t_Speaking.txt,351,291,618,558
qw5t,qw5t\qw5t_Stroop.mp4,Physiological\qw5t\qw5t_Stroop.txt,338,302,626,590
qw5t,qw5t\qw5t_Video1.mp4,Physiological\qw5t\qw5t_Video1.txt,320,306,621,607
qw5t,qw5t\qw5t_Video2.mp4,Physiological\qw5t\qw5t_Video2.txt,345,304,631,590
r3zm,r3zm\r3zm_Baseline.mp4,Physiological\r3zm\r3zm_Baseline.txt,591,262,848,519
r3zm,r3zm\r3zm_Breathing.mp4,Physiological\r3zm\r3zm_Breathing.txt,602,264,862,524
r3zm,r3zm\r3zm_Counting1.mp4,Physiological\r3zm\r3zm_Counting1.txt,604,288,855,539
r3zm,r3zm\r3zm_Counting2.mp4,Physiological\r3zm\r3zm_Counting2.txt,612,280,869,537
r3zm,r3zm\r3zm_Counting3.mp4,Physiological\r3zm\r3zm_Counting3.txt,550,243,820,513
r3zm,r3zm\r3zm_Math.mp4,Physiological\r3zm\r3zm_Math.txt,578,263,855,540
r3zm,r3zm\r3zm_Reading.mp4,Physiological\r3zm\r3zm_Reading.txt,572,260,847,535
r3zm,r3zm\r3zm_Relax.mp4,Physiological\r3zm\r3zm_Relax.txt,581,258,852,529
r3zm,r3zm\r3zm_Speaking.mp4,Physiological\r3zm\r3zm_Speaking.txt,572,268,853,549
r3zm,r3zm\r3zm_Stroop.mp4,Physiological\r3zm\r3zm_Stroop.txt,599,258,860,519
r3zm,r3zm\r3zm_Video1.mp4,Physiological\r3zm\r3zm_Video1.txt,577,265,841,529
r3zm,r3zm\r3zm_Video2.mp4,Physiological\r3zm\r3zm_Video2.txt,620,272,878,530
r5s8,r5s8\r5s8_Baseline.mp4,Physiological\r5s8\r5s8_Baseline.txt,430,213,714,497
r5s8,r5s8\r5s8_Breathing.mp4,Physiological\r5s8\r5s8_Breathing.txt,424,201,695,472
r5s8,r5s8\r5s8_Counting1.mp4,Physiological\r5s8\r5s8_Counting1.txt,424,212,705,493
r5s8,r5s8\r5s8_Counting2.mp4,Physiological\r5s8\r5s8_Counting2.txt,448,212,720,484
r5s8,r5s8\r5s8_Counting3.mp4,Physiological\r5s8\r5s8_Counting3.txt,423,209,718,504
r5s8,r5s8\r5s8_Math.mp4,Physiological\r5s8\r5s8_Math.txt,445,200,720,475
r5s8,r5s8\r5s8_Reading.mp4,Physiological\r5s8\r5s8_Reading.txt,408,217,684,493
r5s8,r5s8\r5s8_Relax.mp4,Physiological\r5s8\r5s8_Relax.txt,427,214,711,498
r5s8,r5s8\r5s8_Speaking.mp4,Physiological\r5s8\r5s8_Speaking.txt,443,206,719,482
r5s8,r5s8\r5s8_Stroop.mp4,Physiological\r5s8\r5s8_Stroop.txt,438,193,706,461
r5s8,r5s8\r5s8_Video1.mp4,Physiological\r5s8\r5s8_Video1.txt,419,213,714,508
r5s8,r5s8\r5s8_Video2.mp4,Physiological\r5s8\r5s8_Video2.txt,440,219,727,506
t6v9,t6v9\t6v9_Baseline.mp4,Physiological\t6v9\t6v9_Baseline.txt,376,91,674,389
t6v9,t6v9\t6v9_Breathing.mp4,Physiological\t6v9\t6v9_Breathing.txt,393,83,687,377
t6v9,t6v9\t6v9_Counting1.mp4,Physiological\t6v9\t6v9_Counting1.txt,380,107,690,417
t6v9,t6v9\t6v9_Counting2.mp4,Physiological\t6v9\t6v9_Counting2.txt,385,113,687,415
t6v9,t6v9\t6v9_Counting3.mp4,Physiological\t6v9\t6v9_Counting3.txt,385,113,687,415
t6v9,t6v9\t6v9_Math.mp4,Physiological\t6v9\t6v9_Math.txt,402,141,694,433
t6v9,t6v9\t6v9_Reading.mp4,Physiological\t6v9\t6v9_Reading.txt,384,134,690,440
t6v9,t6v9\t6v9_Relax.mp4,Physiological\t6v9\t6v9_Relax.txt,418,173,721,476
t6v9,t6v9\t6v9_Speaking.mp4,Physiological\t6v9\t6v9_Speaking.txt,429,178,698,447
t6v9,t6v9\t6v9_Stroop.mp4,Physiological\t6v9\t6v9_Stroop.txt,397,176,676,455
t6v9,t6v9\t6v9_Video1.mp4,Physiological\t6v9\t6v9_Video1.txt,388,88,687,387
t6v9,t6v9\t6v9_Video2.mp4,Physiological\t6v9\t6v9_Video2.txt,405,109,698,402
tmvd,tmvd\tmvd_Baseline.mp4,Physiological\tmvd\tmvd_Baseline.txt,597,250,837,490
tmvd,tmvd\tmvd_Breathing.mp4,Physiological\tmvd\tmvd_Breathing.txt,602,240,842,480
tmvd,tmvd\tmvd_Counting1.mp4,Physiological\tmvd\tmvd_Counting1.txt,597,243,836,482
tmvd,tmvd\tmvd_Counting2.mp4,Physiological\tmvd\tmvd_Counting2.txt,604,242,845,483
tmvd,tmvd\tmvd_Counting3.mp4,Physiological\tmvd\tmvd_Counting3.txt,609,244,852,487
tmvd,tmvd\tmvd_Math.mp4,Physiological\tmvd\tmvd_Math.txt,596,249,837,490
tmvd,tmvd\tmvd_Reading.mp4,Physiological\tmvd\tmvd_Reading.txt,600,245,843,488
tmvd,tmvd\tmvd_Relax.mp4,Physiological\tmvd\tmvd_Relax.txt,587,243,830,486
tmvd,tmvd\tmvd_Speaking.mp4,Physiological\tmvd\tmvd_Speaking.txt,599,242,852,495
tmvd,tmvd\tmvd_Stroop.mp4,Physiological\tmvd\tmvd_Stroop.txt,599,239,833,473
tmvd,tmvd\tmvd_Video1.mp4,Physiological\tmvd\tmvd_Video1.txt,602,243,837,478
tmvd,tmvd\tmvd_Video2.mp4,Physiological\tmvd\tmvd_Video2.txt,600,245,840,485
uymz,uymz\uymz_Baseline.mp4,Physiological\uymz\uymz_Baseline.txt,392,27,786,421
uymz,uymz\uymz_Breathing.mp4,Physiological\uymz\uymz_Breathing.txt,473,135,778,440
uymz,uymz\uymz_Counting1.mp4,Physiological\uymz\uymz_Counting1.txt,464,165,757,458
uymz,uymz\uymz_Counting2.mp4,Physiological\uymz\uymz_Counting2.txt,402,154,685,437
uymz,uymz\uymz_Counting3.mp4,Physiological\uymz\uymz_Counting3.txt,498,216,781,499
uymz,uymz\uymz_Math.mp4,Physiological\uymz\uymz_Math.txt,414,235,721,542
uymz,uymz\uymz_Reading.mp4,Physiological\uymz\uymz_Reading.txt,403,238,727,562
uymz,uymz\uymz_Relax.mp4,Physiological\uymz\uymz_Relax.txt,426,247,733,554
uymz,uymz\uymz_Speaking.mp4,Physiological\uymz\uymz_Speaking.txt,415,226,742,553
uymz,uymz\uymz_Stroop.mp4,Physiological\uymz\uymz_Stroop.txt,427,187,730,490
uymz,uymz\uymz_Video1.mp4,Physiological\uymz\uymz_Video1.txt,420,165,721,466
uymz,uymz\uymz_Video2.mp4,Physiological\uymz\uymz_Video2.txt,416,220,731,535
v8mh,v8mh\v8mh_Baseline.mp4,Physiological\v8mh\v8mh_Baseline.txt,587,293,769,475
v8mh,v8mh\v8mh_Breathing.mp4,Physiological\v8mh\v8mh_Breathing.txt,584,292,758,466
v8mh,v8mh\v8mh_Counting1.mp4,Physiological\v8mh\v8mh_Counting1.txt,585,301,758,474
v8mh,v8mh\v8mh_Counting2.mp4,Physiological\v8mh\v8mh_Counting2.txt,578,306,749,477
v8mh,v8mh\v8mh_Counting3.mp4,Physiological\v8mh\v8mh_Counting3.txt,564,307,743,486
v8mh,v8mh\v8mh_Math.mp4,Physiological\v8mh\v8mh_Math.txt,583,300,758,475
v8mh,v8mh\v8mh_Reading.mp4,Physiological\v8mh\v8mh_Reading.txt,582,303,759,480
v8mh,v8mh\v8mh_Relax.mp4,Physiological\v8mh\v8mh_Relax.txt,591,302,768,479
v8mh,v8mh\v8mh_Speaking.mp4,Physiological\v8mh\v8mh_Speaking.txt,587,306,760,479
v8mh,v8mh\v8mh_Stroop.mp4,Physiological\v8mh\v8mh_Stroop.txt,561,295,732,466
v8mh,v8mh\v8mh_Video1.mp4,Physiological\v8mh\v8mh_Video1.txt,586,292,762,468
v8mh,v8mh\v8mh_Video2.mp4,Physiological\v8mh\v8mh_Video2.txt,575,301,747,473
w2t5,w2t5\w2t5_Baseline.mp4,Physiological\w2t5\w2t5_Baseline.txt,451,65,715,329
w2t5,w2t5\w2t5_Breathing.mp4,Physiological\w2t5\w2t5_Breathing.txt,448,62,719,333
w2t5,w2t5\w2t5_Counting1.mp4,Physiological\w2t5\w2t5_Counting1.txt,454,77,719,342
w2t5,w2t5\w2t5_Counting2.mp4,Physiological\w2t5\w2t5_Counting2.txt,457,73,719,335
w2t5,w2t5\w2t5_Counting3.mp4,Physiological\w2t5\w2t5_Counting3.txt,436,69,696,329
w2t5,w2t5\w2t5_Math.mp4,Physiological\w2t5\w2t5_Math.txt,451,73,719,341
w2t5,w2t5\w2t5_Reading.mp4,Physiological\w2t5\w2t5_Reading.txt,424,86,688,350
w2t5,w2t5\w2t5_Relax.mp4,Physiological\w2t5\w2t5_Relax.txt,449,85,714,350
w2t5,w2t5\w2t5_Speaking.mp4,Physiological\w2t5\w2t5_Speaking.txt,449,73,722,346
w2t5,w2t5\w2t5_Stroop.mp4,Physiological\w2t5\w2t5_Stroop.txt,448,63,734,349
w2t5,w2t5\w2t5_Video1.mp4,Physiological\w2t5\w2t5_Video1.txt,449,65,721,337
w2t5,w2t5\w2t5_Video2.mp4,Physiological\w2t5\w2t5_Video2.txt,450,79,725,354
wssm,wssm\wssm_Baseline.mp4,Physiological\wssm\wssm_Baseline.txt,615,273,849,507
wssm,wssm\wssm_Breathing.mp4,Physiological\wssm\wssm_Breathing.txt,584,213,838,467
wssm,wssm\wssm_Counting1.mp4,Physiological\wssm\wssm_Counting1.txt,536,275,775,514
wssm,wssm\wssm_Counting2.mp4,Physiological\wssm\wssm_Counting2.txt,506,274,745,513
wssm,wssm\wssm_Counting3.mp4,Physiological\wssm\wssm_Counting3.txt,458,266,669,477
wssm,wssm\wssm_Math.mp4,Physiological\wssm\wssm_Math.txt,517,271,753,507
wssm,wssm\wssm_Reading.mp4,Physiological\wssm\wssm_Reading.txt,643,314,691,362
wssm,wssm\wssm_Relax.mp4,Physiological\wssm\wssm_Relax.txt,513,276,744,507
wssm,wssm\wssm_Speaking.mp4,Physiological\wssm\wssm_Speaking.txt,517,266,746,495
wssm,wssm\wssm_Stroop.mp4,Physiological\wssm\wssm_Stroop.txt,487,263,722,498
wssm,wssm\wssm_Video1.mp4,Physiological\wssm\wssm_Video1.txt,537,244,789,496
wssm,wssm\wssm_Video2.mp4,Physiological\wssm\wssm_Video2.txt,538,269,774,505
x1q3,x1q3\x1q3_Baseline.mp4,Physiological\x1q3\x1q3_Baseline.txt,432,286,754,608
x1q3,x1q3\x1q3_Breathing.mp4,Physiological\x1q3\x1q3_Breathing.txt,431,270,733,572
x1q3,x1q3\x1q3_Counting1.mp4,Physiological\x1q3\x1q3_Counting1.txt,440,284,758,602
x1q3,x1q3\x1q3_Counting2.mp4,Physiological\x1q3\x1q3_Counting2.txt,432,284,757,609
x1q3,x1q3\x1q3_Counting3.mp4,Physiological\x1q3\x1q3_Counting3.txt,429,316,779,666
x1q3,x1q3\x1q3_Math.mp4,Physiological\x1q3\x1q3_Math.txt,437,265,763,591
x1q3,x1q3\x1q3_Reading.mp4,Physiological\x1q3\x1q3_Reading.txt,452,277,790,615
x1q3,x1q3\x1q3_Relax.mp4,Physiological\x1q3\x1q3_Relax.txt,439,269,783,613
x1q3,x1q3\x1q3_Speaking.mp4,Physiological\x1q3\x1q3_Speaking.txt,416,285,755,624
x1q3,x1q3\x1q3_Stroop.mp4,Physiological\x1q3\x1q3_Stroop.txt,422,271,763,612
x1q3,x1q3\x1q3_Video1.mp4,Physiological\x1q3\x1q3_Video1.txt,435,282,755,602
x1q3,x1q3\x1q3_Video2.mp4,Physiological\x1q3\x1q3_Video2.txt,422,296,765,639
y8c3,y8c3\y8c3_Baseline.mp4,Physiological\y8c3\y8c3_Baseline.txt,469,150,799,480
y8c3,y8c3\y8c3_Breathing.mp4,Physiological\y8c3\y8c3_Breathing.txt,473,163,802,492
y8c3,y8c3\y8c3_Counting1.mp4,Physiological\y8c3\y8c3_Counting1.txt,469,150,801,482
y8c3,y8c3\y8c3_Counting2.mp4,Physiological\y8c3\y8c3_Counting2.txt,466,158,788,480
y8c3,y8c3\y8c3_Counting3.mp4,Physiological\y8c3\y8c3_Counting3.txt,468,150,801,483
y8c3,y8c3\y8c3_Math.mp4,Physiological\y8c3\y8c3_Math.txt,458,158,799,499
y8c3,y8c3\y8c3_Reading.mp4,Physiological\y8c3\y8c3_Reading.txt,476,169,807,500
y8c3,y8c3\y8c3_Relax.mp4,Physiological\y8c3\y8c3_Relax.txt,471,161,811,501
y8c3,y8c3\y8c3_Speaking.mp4,Physiological\y8c3\y8c3_Speaking.txt,465,159,806,500
y8c3,y8c3\y8c3_Stroop.mp4,Physiological\y8c3\y8c3_Stroop.txt,461,156,795,490
y8c3,y8c3\y8c3_Video1.mp4,Physiological\y8c3\y8c3_Video1.txt,451,139,792,480
y8c3,y8c3\y8c3_Video2.mp4,Physiological\y8c3\y8c3_Video2.txt,461,159,800,498
y9z6,y9z6\y9z6_Baseline.mp4,Physiological\y9z6\y9z6_Baseline.txt,489,208,792,511
y9z6,y9z6\y9z6_Breathing.mp4,Physiological\y9z6\y9z6_Breathing.txt,509,198,798,487
y9z6,y9z6\y9z6_Counting1.mp4,Physiological\y9z6\y9z6_Counting1.txt,557,218,866,527
y9z6,y9z6\y9z6_Counting2.mp4,Physiological\y9z6\y9z6_Counting2.txt,480,227,804,551
y9z6,y9z6\y9z6_Counting3.mp4,Physiological\y9z6\y9z6_Counting3.txt,668,176,964,472
y9z6,y9z6\y9z6_Math.mp4,Physiological\y9z6\y9z6_Math.txt,504,218,814,528
y9z6,y9z6\y9z6_Reading.mp4,Physiological\y9z6\y9z6_Reading.txt,543,210,834,501
y9z6,y9z6\y9z6_Relax.mp4,Physiological\y9z6\y9z6_Relax.txt,534,205,836,507
y9z6,y9z6\y9z6_Speaking.mp4,Physiological\y9z6\y9z6_Speaking.txt,386,238,707,559
y9z6,y9z6\y9z6_Stroop.mp4,Physiological\y9z6\y9z6_Stroop.txt,513,199,842,528
y9z6,y9z6\y9z6_Video1.mp4,Physiological\y9z6\y9z6_Video1.txt,519,197,803,481
y9z6,y9z6\y9z6_Video2.mp4,Physiological\y9z6\y9z6_Video2.txt,458,211,770,523
